track_name,album_name,release_date,explicit,track_popularity
we can't be friends (wait for your love),eternal sunshine,08-03-2024,False,89
the boy is mine,eternal sunshine,08-03-2024,True,85
intro (end of the world),eternal sunshine,08-03-2024,True,83
Save Your Tears (Remix) (with Ariana Grande) - Bonus Track,After Hours (Deluxe),20-03-2020,False,80
"yes, and?",eternal sunshine,08-03-2024,True,79
One Last Time,My Everything - Deluxe,22-08-2014,False,82
Die For You (with Ariana Grande) - Remix,Starboy (Deluxe),14-03-2023,False,78
7 rings,"thank u, next",08-02-2019,True,82
Dangerous Woman,Dangerous Woman,20-05-2016,False,70
Into You,Dangerous Woman,20-05-2016,False,70
Easy On Me,30,19-11-2021,False,84
Set Fire to the Rain,21,24-01-2011,False,79
Someone Like You,21,24-01-2011,False,78
Rolling in the Deep,21,24-01-2011,False,79
Skyfall,Skyfall,04-10-2012,False,84
Love In The Dark,25,20-11-2015,False,74
When We Were Young,25,20-11-2015,False,73
Make You Feel My Love,19,28-01-2008,False,72
Chasing Pavements,19,28-01-2008,False,70
Hello,25,20-11-2015,False,72
Sundress,Sundress,20-11-2018,True,83
I Smoked Away My Brain (I'm God x Demons Mashup) (feat. Imogen Heap & Clams Casino),I Smoked Away My Brain (I'm God x Demons Mashup) (feat. Imogen Heap & Clams Casino),18-08-2023,True,83
Praise The Lord (Da Shine) (feat. Skepta),TESTING,25-05-2018,True,81
"Everyday (feat. Rod Stewart, Miguel & Mark Ronson)",AT.LONG.LAST.A$AP,26-05-2015,True,79
HIGHJACK,HIGHJACK,02-08-2024,True,77
Fashion Killa,LONG.LIVE.A$AP (Deluxe Version),2013,True,77
"Am I Dreaming (Metro Boomin & A$AP Rocky, Roisee)",METRO BOOMIN PRESENTS SPIDER-MAN: ACROSS THE SPIDER-VERSE (SOUNDTRACK FROM AND INSPIRED BY THE MOTION PICTURE),02-06-2023,False,76
"F**kin' Problems (feat. Drake, 2 Chainz & Kendrick Lamar)",LONG.LIVE.A$AP (Deluxe Version),2013,True,76
LVL,LONG.LIVE.A$AP (Deluxe Version),2013,True,76
Jukebox Joints (feat. Joe Fox & Kanye West),AT.LONG.LAST.A$AP,26-05-2015,True,72
Cruel Summer,Lover,23-08-2019,False,92
Fortnight (feat. Post Malone),THE TORTURED POETS DEPARTMENT,18-04-2024,False,89
I Can Do It With a Broken Heart,THE TORTURED POETS DEPARTMENT,18-04-2024,True,87
august,folklore,24-07-2020,False,87
Lover,Lover,23-08-2019,False,86
Guilty as Sin?,THE TORTURED POETS DEPARTMENT,18-04-2024,False,81
cardigan,folklore,24-07-2020,False,85
Down Bad,THE TORTURED POETS DEPARTMENT,18-04-2024,True,81
Anti-Hero,Midnights,21-10-2022,False,84
Don’t Blame Me,reputation,10-11-2017,False,85
I Wanna Be Yours,AM,09-09-2013,False,91
505,Favourite Worst Nightmare (Standard Version),24-04-2007,False,78
Do I Wanna Know?,AM,09-09-2013,False,85
Why'd You Only Call Me When You're High?,AM,09-09-2013,False,85
R U Mine?,AM,09-09-2013,False,80
Fluorescent Adolescent,Favourite Worst Nightmare (Standard Version),24-04-2007,False,69
Snap Out Of It,AM,09-09-2013,False,77
Arabella,AM,09-09-2013,False,75
Knee Socks,AM,09-09-2013,False,74
I Bet You Look Good On The Dancefloor,"Whatever People Say I Am, That's What I'm Not",29-01-2006,False,73
Man in the Box,Facelift,01-08-1990,True,76
Would? (2022 Remaster),Dirt (2022 Remaster),29-09-1992,False,75
Nutshell,Jar Of Flies,1994,False,72
Rooster (2022 Remaster),Dirt (2022 Remaster),29-09-1992,False,72
Them Bones (2022 Remaster),Dirt (2022 Remaster),29-09-1992,False,70
Down In A Hole (2022 Remaster),Dirt (2022 Remaster),29-09-1992,False,66
We Die Young,Facelift,01-08-1990,False,65
No Excuses,Jar Of Flies,1994,False,64
Rotten Apple,Jar Of Flies,1994,False,63
I Stay Away,Jar Of Flies,1994,False,62
Amanece,Amanece,14-12-2018,False,81
BBY BOO - REMIX,BBY BOO (REMIX),27-03-2024,True,80
OA,OA,13-10-2023,True,78
China,Emmanuel,29-05-2020,False,70
SERIO CON ESE Q,SERIO CON ESE Q,25-07-2024,True,76
WYA REMIX BLACK AND YELLOW (feat. iZaak & Pirlo),WYA REMIX BLACK AND YELLOW (feat. iZaak & Pirlo),21-06-2024,True,76
Razones,Razones,27-06-2024,False,72
Adicto (with Anuel AA & Ozuna),Adicto (with Anuel AA & Ozuna),22-08-2019,False,75
Hasta Que Dios Diga,Emmanuel,29-05-2020,True,75
Ella Quiere Beber - Remix,Ella Quiere Beber (Remix),02-11-2018,False,75
Dancing Queen,Arrival,1976,False,85
Gimme! Gimme! Gimme! (A Man After Midnight),Voulez-Vous,1979,False,81
Lay All Your Love On Me,Super Trouper,1980,False,77
Mamma Mia,Abba,1975,False,78
Take A Chance On Me,The Album,1977,False,76
Waterloo,Waterloo,1974,False,74
The Winner Takes It All,Super Trouper,1980,False,74
Super Trouper,Super Trouper,1980,False,73
"Money, Money, Money",Arrival,1976,False,71
Chiquitita,Voulez-Vous,1979,False,72
World's Smallest Violin,OK ORCHESTRA,26-03-2021,True,66
Bang!,OK ORCHESTRA,26-03-2021,False,69
Burn The House Down,The Click - Deluxe Edition,21-09-2018,True,69
Yes I'm A Mess,The Maybe Man,10-11-2023,True,67
Weak,The Click,09-06-2017,False,64
100 Bad Days,Neotheater,26-04-2019,False,64
Way Less Sad,OK ORCHESTRA,26-03-2021,False,64
Sober Up (feat. Rivers Cuomo),The Click,09-06-2017,False,61
Inertia,The Maybe Man,10-11-2023,True,64
Record Player,All You Need Is Time (Deluxe Edition),27-10-2022,False,60
You Shook Me All Night Long,Back In Black,25-07-1980,False,86
Back In Black,Back In Black,25-07-1980,False,85
Thunderstruck,The Razors Edge,24-09-1990,False,85
Highway to Hell,Highway to Hell,27-07-1979,False,85
T.N.T.,High Voltage,14-05-1976,False,79
Hells Bells,Back In Black,25-07-1980,False,76
Dirty Deeds Done Dirt Cheap,Dirty Deeds Done Dirt Cheap,20-09-1976,False,74
Shoot to Thrill,Back In Black,25-07-1980,False,74
It's a Long Way to the Top (If You Wanna Rock 'N' Roll),High Voltage,14-05-1976,False,72
Rock N Roll Train,Black Ice,20-10-2008,False,70
Treehouse,Treehouse,17-01-2011,False,80
Mary,Trick,05-11-2012,True,72
Sarah,Trick,05-11-2012,False,73
16 Mirrors,Trick,05-11-2012,False,70
Things to Do,Race,01-01-2010,False,73
Advice,Trick,05-11-2012,False,67
Race,Race,01-01-2010,True,69
Mis,Rules,15-01-2012,False,65
Change,Trick,05-11-2012,False,65
Forever,Trick,05-11-2012,False,64
Drowning (feat. Kodak Black),The Bigger Artist,29-09-2017,True,76
Look Back at It,Hoodie SZN,21-12-2018,True,76
Still Think About You,Artist,16-09-2016,True,74
My Shit,Artist,16-09-2016,True,74
Jungle,Artist,16-09-2016,True,71
Secrets,Artist 2.0 (Deluxe),19-06-2020,True,71
Swervin (feat. 6ix9ine),Hoodie SZN,21-12-2018,True,69
Me and My Guitar,Artist 2.0,14-02-2020,True,68
Demons and Angels (feat. Juice WRLD),Hoodie SZN,21-12-2018,True,66
"Slide (Remix) (feat. Pop Smoke, A Boogie Wit da Hoodie & Chris Brown) (feat. Pop Smoke)","Slide (Remix) (feat. Pop Smoke, A Boogie Wit da Hoodie & Chris Brown) (feat. Pop Smoke)",17-01-2020,False,64
Diet Pepsi,Diet Pepsi,09-08-2024,False,77
Von dutch featuring addison rae and a. g. cook,Von dutch featuring addison rae and a. g. cook,22-03-2024,False,69
2 die 4 (feat. Charli XCX),AR,18-08-2023,False,60
Obsessed,Obsessed,18-03-2021,False,54
I got it bad,AR,18-08-2023,False,51
Nothing On (But The Radio),AR,18-08-2023,False,50
it could’ve been u,AR,18-08-2023,True,46
Closer,Closer,29-07-2016,False,84
Without Me,Manic,17-01-2020,True,78
Eastside (with Halsey & Khalid),FRIENDS KEEP SECRETS,07-12-2018,False,77
Him & I (with Halsey),The Beautiful & Damned,15-12-2017,True,76
Boy With Luv (feat. Halsey),MAP OF THE SOUL : PERSONA,12-04-2019,False,75
Lucky,Lucky,26-07-2024,False,75
Be Kind (with Halsey),Be Kind (with Halsey),01-05-2020,False,72
Bad At Love,hopeless fountain kingdom (Deluxe Plus),02-06-2017,False,72
Could Have Been Me,Sing 2 (Original Motion Picture Soundtrack),17-12-2021,False,71
Walls Could Talk,hopeless fountain kingdom (Deluxe Plus),02-06-2017,True,70
Propuesta Indecente,"Fórmula, Vol. 2 (Deluxe Edition)",25-02-2014,False,81
X SI VOLVEMOS,MAÑANA SERÁ BONITO,24-02-2023,True,80
ÁNGEL,ÁNGEL,25-07-2024,False,80
Imitadora,Golden,21-07-2017,False,78
Eres Mía,"Fórmula, Vol. 2 (Deluxe Edition)",25-02-2014,False,78
Llévame Contigo,Fórmula Vol. 1 (Deluxe Edition),27-08-2012,False,76
Cancioncitas de Amor,"Fórmula, Vol. 2 (Deluxe Edition)",25-02-2014,False,75
Ella Quiere Beber - Remix,Ella Quiere Beber (Remix),02-11-2018,False,75
Sobredosis (feat. Ozuna),Golden,21-07-2017,False,75
Odio (feat. Drake),"Fórmula, Vol. 2 (Deluxe Edition)",25-02-2014,False,74
Ella Y Yo - Featuring Don Omar,God's Project,26-04-2005,False,79
Dile al Amor,The Last,09-06-2009,False,79
El Perdedor,K.O.B. Live,19-12-2006,False,79
Obsesion,We Broke The Rules,01-06-2002,False,78
Los Infieles,K.O.B. Live,19-12-2006,False,77
El Malo,The Last,09-06-2009,False,76
Volví,Volví,03-08-2021,True,76
Un Beso,God's Project,26-04-2005,False,75
Enseñame a Olvidar,We Broke The Rules,01-06-2002,False,74
Por un Segundo,The Last,09-06-2009,False,73
fukumean,a Gift & a Curse,16-06-2023,True,86
one of wun,One of Wun,10-05-2024,True,85
Jump,TYLA,22-03-2024,False,78
Drip Too Hard (Lil Baby & Gunna),Drip Harder,05-10-2018,True,80
on one tonight,One of Wun,10-05-2024,True,79
Lemonade (feat. NAV),B4 The Storm,28-08-2020,True,78
prada dem (feat. Offset),One of Wun,10-05-2024,True,73
hakuna matata,One of Wun,10-05-2024,True,74
P power (feat. Drake),DS4EVER,13-01-2022,True,74
Drip or Drown,Drip or Drown,30-11-2017,True,73
Complicated,Let Go,04-06-2002,False,83
I'm with You,Let Go,04-06-2002,False,78
Sk8er Boi,Let Go,04-06-2002,False,77
Girlfriend,The Best Damn Thing (Expanded Edition),17-04-2007,True,75
What the Hell,Goodbye Lullaby (Expanded Edition),08-03-2011,False,75
My Happy Ending,Under My Skin,2004,True,72
When You're Gone,The Best Damn Thing (Expanded Edition),17-04-2007,False,68
Here's to Never Growing Up,Avril Lavigne (Expanded Edition),01-11-2013,True,68
Wish You Were Here,Goodbye Lullaby (Expanded Edition),08-03-2011,True,66
Nobody's Home,Under My Skin,2004,False,65
Smack That,Konvicted,01-01-2006,True,84
Lonely,Trouble Deluxe Edition,01-01-2005,True,78
Right Now (Na Na Na),Freedom,01-01-2008,False,77
I Wanna Love You,Konvicted,01-01-2006,True,73
Don't Matter,Konvicted,01-01-2006,True,74
Chammak Challo,Ra-One,16-09-2011,False,72
Locked Up,Trouble Deluxe Edition,01-01-2005,True,68
Beautiful,Freedom,01-01-2008,False,70
"Sorry, Blame It On Me",Konvicted (Complete Edition),04-03-2022,False,67
Be With You,Freedom,01-01-2008,False,65
Hail to the King,Hail to the King,23-08-2013,False,76
A Little Piece of Heaven,Avenged Sevenfold,26-10-2007,True,75
Afterlife,Avenged Sevenfold,26-10-2007,False,73
Nightmare,Nightmare,23-07-2010,True,70
Dear God,Avenged Sevenfold,26-10-2007,False,72
So Far Away,Nightmare,23-07-2010,False,64
Bat Country,City of Evil,06-06-2005,False,70
Gunslinger,Avenged Sevenfold,26-10-2007,False,70
Seize the Day,City of Evil,06-06-2005,False,69
Shepherd of Fire,Hail to the King,23-08-2013,False,68
"Sajni (From ""Laapataa Ladies"")","Sajni (From ""Laapataa Ladies"")",12-02-2024,False,82
"Satranga (From ""ANIMAL"")","Satranga (From ""ANIMAL"")",27-10-2023,False,79
Chaleya,Jawan,05-09-2023,False,74
O Maahi,Dunki,20-12-2023,False,73
"Tujhe Kitna Chahne Lage (From ""Kabir Singh"")","Tujhe Kitna Chahne Lage (From ""Kabir Singh"")",31-05-2019,False,77
Soulmate,Ek Tha Raja,18-03-2024,False,78
Heeriye (feat. Arijit Singh),Heeriye (feat. Arijit Singh),25-07-2023,False,78
Apna Bana Le,Bhediya (Original Motion Picture Soundtrack),06-12-2022,False,71
"Tum Kya Mile, Pt. 2",Rocky Aur Rani Kii Prem Kahaani (Original Motion Picture Soundtrack),15-05-2024,False,59
Ve Kamleya,Rocky Aur Rani Kii Prem Kahaani (Original Motion Picture Soundtrack),15-05-2024,False,62
Leave The Door Open,An Evening With Silk Sonic,11-11-2021,False,80
places to be,places to be,31-05-2024,True,78
Smokin Out The Window,An Evening With Silk Sonic,11-11-2021,False,72
After Last Night (with Thundercat & Bootsy Collins),An Evening With Silk Sonic,11-11-2021,False,70
Skate,An Evening With Silk Sonic,11-11-2021,False,68
Love's Train,An Evening With Silk Sonic,11-11-2021,False,65
Come Down,Malibu,15-01-2016,True,62
Coast (feat. Anderson .Paak),Coast,29-07-2022,False,64
Fly As Me,An Evening With Silk Sonic,11-11-2021,False,58
Dance With The Devil,I'll Always Come Find You,19-07-2024,False,56
Back To Black,Back To Black (Deluxe Edition),2006,True,81
Rehab,Back To Black (Deluxe Edition),2006,False,74
"Valerie - Live At BBC Radio 1 Live Lounge, London / 2007",Back To Black (Deluxe Edition),2006,False,75
Tears Dry On Their Own,Back To Black (Deluxe Edition),2006,True,73
You Know I'm No Good,Back To Black (Deluxe Edition),2006,False,73
Love Is A Losing Game,Back To Black (Deluxe Edition),2006,False,69
Me & Mr Jones,Back To Black (Deluxe Edition),2006,True,66
Stronger Than Me,AMY (Original Motion Picture Soundtrack),30-10-2015,False,67
He Can Only Hold Her,Back To Black (Deluxe Edition),2006,False,66
Our Day Will Come,Lioness: Hidden Treasures,01-01-2011,False,66
i like the way you kiss me,yustyna,11-07-2024,False,80
if u think i'm pretty,pretty,09-02-2024,True,83
cross my heart,pretty,09-02-2024,False,74
dirty little secret,yustyna,11-07-2024,False,69
wet dreams,yustyna,11-07-2024,False,67
i like the way you kiss me - southstar remix,i like the way you kiss me (remixes),05-04-2024,False,69
i like the way you kiss me - burnt,i like the way you kiss me (burnt),26-03-2024,False,64
prettygrunge.wav,just want u to feel something,01-12-2023,False,64
i always kinda knew you’d be the death of me,yustyna,11-07-2024,False,63
So Stunning,So Stunning,19-07-2024,True,24
anything,songs,23-10-2020,False,77
"not a lot, just forever",songs,23-10-2020,False,74
half return,songs,23-10-2020,False,74
forwards beckon rebound,songs,23-10-2020,False,69
ingydar,songs,23-10-2020,False,63
Jonathan,a-sides,01-05-2014,False,62
Indiana,a-sides,01-05-2014,False,59
Sadness As A Gift,Bright Future,22-03-2024,False,56
zombie girl,songs,23-10-2020,False,58
Free Treasure,Bright Future,22-03-2024,False,55
WORK,GOLDEN HOUR : Part.1,31-05-2024,False,75
BOUNCY (K-HOT CHILLI PEPPERS),THE WORLD EP.2 : OUTLAW,16-06-2023,False,70
Crazy Form,THE WORLD EP.FIN : WILL,01-12-2023,False,69
Hush-Hush,Hush-Hush,01-07-2024,False,68
HALAZIA,SPIN OFF : FROM THE WITNESS,30-12-2022,False,65
Blind,GOLDEN HOUR : Part.1,31-05-2024,False,64
Guerrilla,THE WORLD EP.1 : MOVEMENT,29-07-2022,False,64
Deja Vu,ZERO : FEVER Part.3,13-09-2021,False,64
WONDERLAND,TREASURE EP.FIN : All To Action,08-10-2019,False,62
"IT's You (YEOSANG, SAN, WOOYOUNG)",THE WORLD EP.FIN : WILL,01-12-2023,False,62
"Dear Maria, Count Me In","So Wrong, It's Right",25-09-2007,False,77
Monsters (feat. blackbear),"Wake Up, Sunshine",03-04-2020,True,68
Weightless,Nothing Personal (Deluxe Version),07-07-2009,True,62
Monsters (feat. Demi Lovato and blackbear),Monsters (feat. Demi Lovato and blackbear),04-12-2020,True,61
"Dear Maria, Count Me In - ATL's Version",The Forever Sessions - Vol. 1,23-08-2024,False,45
Fake As Hell (with Avril Lavigne),Fake As Hell (with Avril Lavigne),15-09-2023,True,60
Remembering Sunday,"So Wrong, It's Right",25-09-2007,False,57
Sleepwalking,Tell Me I'm Alive,17-03-2023,False,53
A Love Like War (feat. Vic Fuentes),Don't Panic: It's Longer Now!,30-09-2013,False,56
Break Your Little Heart,Nothing Personal (Deluxe Version),07-07-2009,False,55
X'CLUSIVO - REMIX,X'CLUSIVO (REMIX),29-02-2024,True,77
La Jumpa,Sr. Santos,01-12-2022,True,70
Tu No Vive Asi (feat. Mambo Kingz & DJ Luian),Tu No Vive Asi (feat. Mambo Kingz & DJ Luian),30-09-2016,True,76
Hace Mucho Tiempo,"Sentimiento, Elegancia y Maldad",19-11-2013,False,65
Pa' Que La Pases Bien,El Fenomeno,08-12-2008,False,75
ALV,"Sentimiento, Elegancia y Más Maldad",17-11-2023,False,74
Si Se Da - Remix,Si Se da Remix,02-08-2019,True,74
Me Prefieres A Mi,Me Prefieres A Mi,01-01-2012,False,73
Me Ama Me Odia,Me Ama Me Odia,01-09-2016,False,72
PESO COMPLETO,ÉXODO,20-06-2024,True,67
The Downfall Of Us All,Homesick,03-02-2009,False,68
If It Means A Lot To You,Homesick,03-02-2009,False,67
All I Want,What Separates Me From You,16-11-2010,False,66
"I'm Made Of Wax, Larry, What Are You Made Of?",Homesick,03-02-2009,False,64
All Signs Point To Lauderdale,What Separates Me From You,16-11-2010,True,64
Have Faith In Me,Homesick,03-02-2009,False,63
Mr. Highway's Thinking About The End,Homesick,03-02-2009,False,62
Since U Been Gone,For Those Who Have Heart (Deluxe Edition),22-01-2007,False,61
Miracle,Miracle,21-07-2022,True,61
Resentment,You're Welcome,05-03-2021,False,58
If I Ain't Got You,The Diary Of Alicia Keys,02-12-2003,False,83
My Boo,Confessions (Expanded Edition),23-03-2004,False,81
No One,No One (Remixes),09-10-2007,False,74
Fallin',Songs In A Minor,05-06-2001,False,76
Girl on Fire,Girl on Fire (Remixes) - EP,18-11-2012,False,75
Un-thinkable (I'm Ready) (feat. Drake) - Remix,Un-thinkable (I'm Ready) (feat. Drake) [Remix],28-05-2010,False,70
Empire State of Mind (Part II) Broken Down,The Element Of Freedom,15-12-2009,False,69
You Don't Know My Name,The Diary Of Alicia Keys,02-12-2003,False,66
Un-thinkable (I'm Ready),The Element Of Freedom,15-12-2009,False,66
I’m Not The Only One (feat. Alicia Keys),In The Lonely Hour - 10th Anniversary Edition,02-08-2024,False,64
Emo Boy,Big Juicy,20-04-2016,True,73
Yummy,Fresh Meat,25-10-2017,True,70
BREAK A NECK (w/ Ayesha Erotica),BREAK A NECK (w/ Ayesha Erotica),17-04-2024,True,69
THE BADDEST (BADDER) [feat. Ayesha Erotica],THE BADDEST (BADDER) [feat. Ayesha Erotica],19-07-2024,True,69
Yummy - Righteous Remix,Yummy (Righteous Remix),01-12-2023,True,68
Literal Legend,Fresh Meat,25-10-2017,True,68
Big Juicy,Big Juicy,20-04-2016,True,63
Sixteen,Big Juicy,20-04-2016,True,63
Vacation Bible School,Vacation Bible School,31-12-2018,True,62
Where You @,Barely Legal,16-06-2016,True,62
Trance (with Travis Scott & Young Thug),HEROES & VILLAINS,02-12-2022,True,82
It's Up (feat. Young Thug & 21 Savage),100 GIGS,10-08-2024,True,82
RIVER,RIVER,03-08-2024,True,57
pick up the phone,pick up the phone,03-06-2016,True,70
Go Crazy,Slime & B,08-05-2020,True,73
Hot (Remix) [feat. Gunna and Travis Scott],So Much Fun (Deluxe),20-12-2019,True,72
Way 2 Sexy (with Future & Young Thug),Certified Lover Boy,03-09-2021,True,71
SKITZO (feat. Young Thug),UTOPIA,28-07-2023,True,71
The London (feat. J. Cole & Travis Scott),So Much Fun,16-08-2019,True,65
Digits,Slime Season 3,25-03-2016,True,69
Wake Me Up,TRUE,01-01-2013,False,86
The Nights,The Days / Nights,01-01-2014,False,85
Waiting For Love,Stories,02-10-2015,False,80
Levels - Radio Edit,Levels,28-10-2011,False,79
Hey Brother,TRUE,01-01-2013,False,78
Without You (feat. Sandro Cavazza),AVĪCI - 01,10-08-2017,True,77
Addicted To You,TRUE,01-01-2013,False,73
I Could Be The One (Avicii Vs. Nicky Romero) - Radio Edit,I Could Be The One [Avicii vs Nicky Romero],01-01-2012,False,62
SOS (feat. Aloe Blacc),TIM,06-06-2019,False,70
Lonely Together (feat. Rita Ora),AVĪCI - 01,10-08-2017,False,70
Supernova,Armageddon - The 1st Album,27-05-2024,False,75
Armageddon,Armageddon - The 1st Album,27-05-2024,False,78
Drama,Drama - The 4th Mini Album,10-11-2023,False,81
Spicy,iScreaM Vol.26 : Spicy Remix,15-09-2023,False,70
Savage,Savage - The 1st Mini Album,05-10-2021,False,72
Next Level,Next Level,17-05-2021,False,71
Black Mamba,Girls - The 2nd Mini Album,08-07-2022,False,67
Hold On Tight,Hold On Tight,30-03-2023,False,70
Live My Life,Armageddon - The 1st Album,27-05-2024,False,61
Hot Mess,Hot Mess,03-07-2024,False,68
ESTE,ESTE,04-07-2024,False,78
4K,4K,12-03-2020,False,75
Tacata (Remix),Tacata (Remix),22-12-2023,True,75
La Mamá de la Mamá,SAGITARIO,22-11-2022,False,73
Los Aparatos,SAGITARIO,22-11-2022,False,70
BEBÉ,Mis Manos,04-03-2021,False,71
La Romana,X 100PRE,23-12-2018,True,72
Suave (Remix),El Hombre,02-11-2018,False,69
PLEBADA,PLEBADA,08-06-2023,False,69
Besalo,El Androide,15-05-2020,False,69
Ironic - 2015 Remaster,Jagged Little Pill - 2015 Remaster,1995,False,73
You Oughta Know - 2015 Remaster,Jagged Little Pill - 2015 Remaster,1995,True,68
Hand in My Pocket - 2015 Remaster,Jagged Little Pill - 2015 Remaster,1995,False,68
Head over Feet - 2015 Remaster,Jagged Little Pill - 2015 Remaster,1995,False,64
Thank U,Supposed Former Infatuation Junkie,16-10-1998,False,64
You Learn - 2015 Remaster,Jagged Little Pill - 2015 Remaster,1995,False,61
Uninvited,The Collection (Standard Edition),11-11-2005,False,57
Hands Clean,Under Rug Swept,25-02-2002,False,59
All I Really Want - 2015 Remaster,Jagged Little Pill - 2015 Remaster,1995,False,55
Crazy - James Michael Mix,The Collection (Standard Edition),11-11-2005,False,53
Runaway,All My Demons Greeting Me as a Friend (Deluxe),2014,False,71
Into the Unknown,Frozen 2 - Original Motion Picture Soundtrack/Deluxe Edition,15-11-2019,False,73
Cure For Me,The Gods We Can Touch,21-01-2022,False,62
Running with the Wolves,All My Demons Greeting Me as a Friend (Deluxe),2014,False,60
Butterflies (feat. AURORA),Butterflies (feat. AURORA),27-01-2023,False,65
Starvation,What Happened To The Heart?,07-06-2024,False,55
To Be Alright,What Happened To The Heart?,07-06-2024,False,54
Some Type Of Skin,What Happened To The Heart?,07-06-2024,False,52
Your Blood,What Happened To The Heart?,07-06-2024,False,52
Everything Matters,The Gods We Can Touch,21-01-2022,False,52
Active,Lungu Boy,08-08-2024,True,73
Wave,Lungu Boy,08-08-2024,False,69
MMS,Lungu Boy,08-08-2024,False,74
Lonely At The Top,Work Of Art,15-06-2023,False,73
Bandana,Playboy,04-08-2022,True,70
Stubborn (with Asake),Stubborn,21-06-2024,False,66
Happiness (feat. Asake & Gunna),Happiness (feat. Asake & Gunna),07-12-2023,False,70
Terminator,Mr. Money With The Vibe,07-09-2022,False,69
Remember,Work Of Art,15-06-2023,False,70
Amapiano,Work Of Art,15-06-2023,True,68
Chattahoochee,A Lot About Livin' (And A Little 'Bout Love),09-10-1992,False,74
It's Five O'Clock Somewhere,Greatest Hits Volume II,09-10-2003,False,71
Little Bitty,Everything I Love,30-09-1996,False,70
Drive (For Daddy Gene),Drive,15-01-2002,False,65
Good Time,Good Time,05-11-2008,False,66
Gone Country,Who I Am,28-06-1994,False,59
Livin' On Love,Who I Am,28-06-1994,False,57
Don't Rock the Jukebox,Don`t Rock The Jukebox,03-04-1991,False,64
Remember When,Greatest Hits Volume II,09-10-2003,False,50
Chasin' That Neon Rainbow,Here In The Real World,27-02-1990,False,58
Perfect,÷ (Deluxe),03-03-2017,False,85
Shape of You,÷ (Deluxe),03-03-2017,False,85
Photograph,x - Wembley Edition,2013,False,64
Shivers,=,25-10-2021,False,82
Thinking out Loud,x - Wembley Edition,2013,False,64
Bad Habits,=,25-10-2021,False,80
I Don't Care (with Justin Bieber),No.6 Collaborations Project,12-07-2019,False,72
Bam Bam (feat. Ed Sheeran),Familia,07-04-2022,False,71
Castle on the Hill,÷ (Deluxe),03-03-2017,False,77
Galway Girl,÷ (Deluxe),03-03-2017,False,77
QKThr,Drukqs,22-10-2001,False,71
Avril 14th,Drukqs,22-10-2001,False,64
Xtal,Selected Ambient Works 85-92,10-02-1992,False,61
#3,Selected Ambient Works Volume II,07-03-1994,False,61
aisatsana [102],Syro,22-09-2014,False,58
Flim,Come To Daddy,06-10-1997,False,57
#19,#19,18-06-2024,False,56
I,Selected Ambient Works 85-92,10-02-1992,False,56
180db_ [130],Syro,22-09-2014,False,55
Alberto Balsalm,...I Care Because You Do,24-04-1995,False,55
Want to Want Me,Everything Is 4,29-05-2015,False,77
Whatcha Say,Jason Derulo,24-02-2010,False,67
Talk Dirty (feat. 2 Chainz),Talk Dirty,10-09-2013,True,65
Savage Love (Laxed - Siren Beat),Savage Love (Laxed - Siren Beat),11-06-2020,True,72
Swalla (feat. Nicki Minaj & Ty Dolla $ign),Nu King,16-02-2024,True,65
Acapulco,Nu King,16-02-2024,False,65
Take You Dancing,Nu King,16-02-2024,False,62
In My Head,Jason Derulo,24-02-2010,False,63
From the Islands (kompa pasión),From the Islands (kompa pasión),10-05-2024,False,70
Spicy Margarita,Nu King,16-02-2024,False,67
Faded,Different World,14-12-2018,False,81
On My Way,World Of Walker,26-11-2021,True,72
"Alone, Pt. II",World Of Walker,26-11-2021,False,73
"Better Off (Alone, Pt. III)","Better Off (Alone, Pt. III)",28-09-2023,False,62
Alone,Different World,14-12-2018,False,74
Issues - Alan Walker Remix,Issues (Alan Walker Remix),05-05-2017,True,57
Darkside,Different World,14-12-2018,False,72
Barcelona,Barcelona,13-06-2024,False,72
The Spectre,The Spectre,15-09-2017,False,72
Lily,Different World,14-12-2018,False,71
"Archie, Marry Me",Alvvays,22-07-2014,False,62
Dreams Tonite,Antisocialites,08-09-2017,False,60
Adult Diversion,Alvvays,22-07-2014,False,55
Tile By Tile,Blue Rev,07-10-2022,False,52
In Undertow,Antisocialites,08-09-2017,False,51
After The Earthquake,Blue Rev,07-10-2022,False,49
Not My Baby,Antisocialites,08-09-2017,False,50
Atop a Cake,Alvvays,22-07-2014,False,50
Ones Who Love You,Alvvays,22-07-2014,False,49
Next of Kin,Alvvays,22-07-2014,False,48
Whatever,KYGO,21-06-2024,False,76
Sweet but Psycho,Heaven & Hell,18-09-2020,False,80
The Motto,DRIVE,21-04-2023,False,71
Kings & Queens,Heaven & Hell,18-09-2020,False,78
"Alone, Pt. II",World Of Walker,26-11-2021,False,73
Car Keys (Ayla),Car Keys (Ayla),30-06-2023,False,74
My Head & My Heart,Heaven & Hell,18-09-2020,False,73
So Am I,Heaven & Hell,18-09-2020,False,72
Into Your Arms (feat. Ava Max),Into Your Arms (feat. Ava Max),08-06-2018,True,70
My Oh My,My Oh My,04-04-2024,False,70
Poison,Trash,25-07-1989,False,71
School's Out,School's Out,1972,False,68
No More Mr. Nice Guy,Billion Dollar Babies (Deluxe Reissue),1973,False,58
I'm Eighteen,Love It to Death,1971,False,55
Feed My Frankenstein,Hey Stoopid,02-07-1991,False,51
I'm Always Chasing Rainbows,Alice Cooper Goes to Hell,01-01-1976,False,49
Bed of Nails,Trash,25-07-1989,False,48
Hey Stoopid,Hey Stoopid,02-07-1991,False,47
I Never Cry,Alice Cooper Goes to Hell,01-01-1976,False,46
Under My Wheels,Killer,1971,False,46
Vete,ALFA & OMEGA,30-09-2022,False,78
El Precio De La Soledad,Así Es Esto,15-10-2012,False,77
El Vals Del Olvido,El Día De Los Muertos,25-10-2019,False,76
Tengo Claro,Tengo Claro,05-07-2024,False,76
El Paciente,La Rueda De La Fortuna,18-08-2017,False,75
Yo Todo Lo Doy,ALFA & OMEGA,30-09-2022,False,74
En Definitiva,La Rueda De La Fortuna,18-08-2017,False,74
No,ALFA & OMEGA,30-09-2022,False,73
El Sillón,El Día De Los Muertos,25-10-2019,False,71
Seguramente,La Rueda De La Fortuna,18-08-2017,False,70
I Wait for You,1234,09-07-2023,False,75
Break,1234,09-07-2023,False,74
Pretend,1234,09-07-2023,False,73
Sometimes,1234,13-10-2023,False,69
Moves Like Jagger - Studio Recording From The Voice Performance,Feel Good Music,22-05-2020,False,49
Feel This Moment (feat. Christina Aguilera),Global Warming: Meltdown (Deluxe Version),2012,False,79
Genie In a Bottle,Christina Aguilera (Expanded Edition),1999,False,78
Say Something,Is There Anybody Out There?,20-01-2014,False,69
Lady Marmalade - Single Edit,Lady Marmalade,26-06-2001,False,67
El Ultimo Adiós - Varios Artistas Version,El Ultimo Adiós,21-11-2001,False,70
Beautiful,Stripped,19-07-2002,False,67
Dirrty (feat. Redman),Stripped,19-07-2002,False,66
Fighter,Stripped,19-07-2002,False,65
Pero Me Acuerdo de Tí,Mi Reflejo,2000,False,65
Let Me Down Slowly,Narrated For You,16-11-2018,False,82
If We Have Each Other,Narrated For You,16-11-2018,False,74
Water Fountain,Narrated For You,16-11-2018,False,73
If I Killed Someone For You,Narrated For You,16-11-2018,False,70
Devil Doesn’t Bargain,(Un)Commentary,15-04-2022,False,70
Boy In The Bubble,Narrated For You,16-11-2018,False,67
Let Me Down Slowly (feat. Alessia Cara),Let Me Down Slowly (feat. Alessia Cara),07-01-2019,False,64
I Sent My Therapist To Therapy,12 Notes,10-05-2024,False,62
"Eyes Blue Like The Atlantic, Pt. 2 (feat. Powfu, Alec Benjamin & Rxseboy)","Eyes Blue Like The Atlantic, Pt. 2 (feat. Powfu, Alec Benjamin & Rxseboy)",13-08-2020,False,62
Outrunning Karma,Narrated For You,16-11-2018,False,62
Dream On,Aerosmith,05-01-1973,False,82
"I Don't Want To Miss A Thing - From ""Armageddon"" Soundtrack",I Don't Want To Miss A Thing EP,18-08-1998,False,76
Walk This Way,Toys In The Attic,08-04-1975,False,75
Sweet Emotion,Toys In The Attic,08-04-1975,False,73
Crazy,Get A Grip,01-01-1993,False,73
Cryin',Get A Grip,01-01-1993,False,70
Dude (Looks Like A Lady),Permanent Vacation,01-01-1987,False,68
Amazing,Get A Grip,01-01-1993,False,65
Angel,Permanent Vacation,01-01-1987,False,62
Jaded,Just Push Play,05-03-2001,False,62
Potential Breakup Song,Insomniatic,01-01-2007,False,63
Potential Breakup Song,Potential Breakup Song,29-12-2020,True,55
Slow Dancing,a touch of the beat gets you up on your feet gets you out and then into the sun,07-05-2021,False,50
Like Whoa,Insomniatic,01-01-2007,False,50
Walking On Sunshine,Into The Rush,01-01-2005,False,46
Rush,Into The Rush,01-01-2005,False,46
Chemicals React - Remix,Insomniatic,01-01-2007,False,43
Do You Believe In Magic,Into The Rush,01-01-2005,False,42
No One,Into The Rush,01-01-2005,False,40
Pretty Places,a touch of the beat gets you up on your feet gets you out and then into the sun,07-05-2021,False,39
Yeah! (feat. Lil Jon & Ludacris),Confessions (Expanded Edition),23-03-2004,False,85
DJ Got Us Fallin' In Love (feat. Pitbull),Raymond v Raymond (Expanded Edition),30-03-2010,False,83
My Boo,Confessions (Expanded Edition),23-03-2004,False,81
Hey Daddy (Daddy's Home),Raymond v Raymond (Expanded Edition),30-03-2010,False,78
U Remind Me,8701,07-08-2001,False,73
Burn,Confessions (Expanded Edition),23-03-2004,False,73
Love in This Club (feat. Young Jeezy),Here I Stand,27-05-2008,False,72
Confessions Part II,Confessions (Expanded Edition),23-03-2004,False,72
OMG (feat. will.i.am),Raymond v Raymond (Expanded Edition),30-03-2010,False,69
You Make Me Wanna...,My Way,16-09-1997,False,70
Miss Murder,DECEMBERUNDERGROUND,06-06-2006,False,70
Girl's Not Grey,Sing The Sorrow,2003,False,59
The Boy Who Destroyed The World,All Hallows EP,01-01-1999,False,52
Prelude 12/21,DECEMBERUNDERGROUND,06-06-2006,False,52
Silver And Cold,Sing The Sorrow,2003,False,52
The Leaving Song Pt. II,Sing The Sorrow,2003,False,50
The Days Of The Phoenix,The Art Of Drowning,01-01-2000,False,50
Love Like Winter,DECEMBERUNDERGROUND,06-06-2006,False,50
Dancing Through Sunday,Sing The Sorrow,2003,False,50
Totalimmortal,AFI,01-01-2004,False,47
Carry You Home,Carry You Home,31-05-2024,False,85
Before You Leave Me,Before You Leave Me,16-02-2024,False,79
Save You a Seat,Save You a Seat,29-03-2024,False,72
Chasing Shadows,Chasing Shadows,02-12-2022,False,66
One More I Love You,One More I Love You,11-06-2021,False,61
Yard Sale,Yard Sale,10-11-2023,False,60
Carry You Home (feat. Ella Henderson),Carry You Home (feat. Ella Henderson),09-08-2024,False,59
Change Your Mind,Change Your Mind,14-07-2023,False,56
Give You Love,Give You Love,08-06-2023,False,54
Screaming Underwater,Screaming Underwater,10-09-2021,False,54
"Cello Suite No. 1 in G Major, BWV 1007: I. Prélude",Bach: Unaccompanied Cello Suites (Remastered),1983,False,63
"The Well-Tempered Clavier, Book 1, BWV 846-869 / Prelude & Fugue in C Major, BWV 846: I. Prelude","J.S. Bach: The Well-Tempered Clavier, Book 1, BWV 846-869 / Prelude & Fugue in C Major, BWV 846: I. Prelude",15-03-2019,False,52
"Prelude in C Minor, BWV 999","Bach, J.S.: Italian Concerto / Chromatic Fantasia and Fugue / 12 Little Preludes",10-02-1993,False,50
"Prelude in D Minor, BWV 926","Bach, J.S.: Italian Concerto / Chromatic Fantasia and Fugue / 12 Little Preludes",10-02-1993,False,48
"Goldberg Variations, BWV 988: Aria","Bach: The Goldberg Variations, BWV 988 (1981 Gould Remaster)",1981,False,60
"Prelude in C Major, BWV 924: Praeambulum in C Major, BWV 924","Bach, J.S.: Italian Concerto / Chromatic Fantasia and Fugue / 12 Little Preludes",10-02-1993,False,46
"Prelude in G Minor, BWV 930: Praeambulum in G Minor, BWV 930","Bach, J.S.: Italian Concerto / Chromatic Fantasia and Fugue / 12 Little Preludes",10-02-1993,False,45
"Prelude in D Major, BWV 925","Bach, J.S.: Italian Concerto / Chromatic Fantasia and Fugue / 12 Little Preludes",10-02-1993,False,45
"Overture (Suite) No. 2 in B Minor, BWV 1067: VII. Badinerie",Bach: Overtures (Suites) Nos. 1-4,02-12-2000,False,57
"Unaccompanied Cello Suite No. 1 in G major, BWV 1007: I. Prélude",Six Evolutions - Bach: Cello Suites,17-08-2018,False,56
E. Coli (feat. Earl Sweatshirt),Bread,30-11-2018,True,69
Ocean Prime (feat. Boldy James),Yacht Rock 2,30-08-2019,True,69
Great Adventures,Super Tecmo Bo,17-12-2021,True,68
Together Forever (Big Sean & The Alchemist),Together Forever,16-08-2024,True,63
1985,Alfredo,29-05-2020,True,63
6 Five Heartbeats (feat. Vince Staples),This Thing Of Ours 2,08-10-2021,True,62
I Hate Everything (feat. Action Bronson),The Food Villain,25-10-2020,True,62
Loose Change (feat. Earl Sweatshirt),This Thing Of Ours,30-04-2021,True,61
Summer Reign (feat. Ty Dolla $ign),The Great Escape,31-03-2023,True,61
"Something to Rap About (feat. Tyler, The Creator)",Alfredo,29-05-2020,True,60
Slumber Party (feat. Princess Nokia),DEMIDEVIL,15-01-2021,True,71
Daisy,DEMIDEVIL,15-01-2021,True,67
STUPID (feat. Yung Baby Tate),"Hi, It's Me",12-07-2019,True,64
Worms,WEEDKILLER,25-08-2023,True,60
Deal With It (feat. Kelis),DEMIDEVIL,15-01-2021,True,59
You Make Me Sick!,WEEDKILLER,25-08-2023,True,56
Cheerleader,WEEDKILLER,25-08-2023,True,58
Daisy 2.0 (feat. Hatsune Miku),Daisy 2.0 (feat. Hatsune Miku),11-12-2020,True,58
Tantrum,Tantrum,06-03-2020,True,58
Cry (feat. Grimes),DEMIDEVIL,15-01-2021,True,56
Nothing,Hi-Fi Serious,01-01-2002,False,41
Starbucks,Hi-Fi Serious,01-01-2002,False,28
Something's Going On,Hi-Fi Serious,01-01-2002,False,27
Here We Go Again (I Love Lake Tahoe),A vs. Monkey Kong,01-01-1999,False,21
The Distance,Hi-Fi Serious,01-01-2002,False,18
Old Folks,A vs. Monkey Kong,01-01-1999,False,16
Pacific Ocean Blue,Hi-Fi Serious,01-01-2002,False,15
Six O' Clock on A Tube Stop,Hi-Fi Serious,01-01-2002,False,15
Going Down,Hi-Fi Serious,01-01-2002,False,14
The Springs,Hi-Fi Serious,01-01-2002,False,14
TRUCK BED,the mockingbird & THE CROW,20-01-2023,True,79
Hide My Gun (Feat. HARDY),F-1 Trillion,15-08-2024,True,73
ONE BEER (feat. Lauren Alaina & Devin Dawson),HIXTAPE: Vol. 1,13-09-2019,False,70
wait in the truck,the mockingbird & THE CROW,20-01-2023,False,70
GIVE HEAVEN SOME HELL,A ROCK,04-09-2020,False,70
red (feat. Morgan Wallen),the mockingbird & THE CROW,20-01-2023,False,69
PSYCHO,Quit!!,12-07-2024,True,67
He Went To Jared (HARDY feat. Morgan Wallen),HIXTAPE: Vol. 1,13-09-2019,False,66
"Turn You Down (HARDY feat. Morgan Wallen, Zakk Wylde)",HIXTAPE: Vol. 1,13-09-2019,False,65
SIX FEET UNDER (Caleigh’s Song),Quit!!,12-07-2024,False,63
Gånglåt i femtakt,Åtråvärld,16-12-2023,False,20
Joelbitar,Å,03-05-2014,False,2
Uti vår hage,Ånyo,30-09-2017,False,1
Uttryck,Åtråvärld,16-12-2023,False,1
Fredmans epistel 9,Åtråvärld,16-12-2023,False,1
Du fria,Å,03-05-2014,False,1
Änglarna dansar,Å,03-05-2014,False,1
Soluppgung,Å,03-05-2014,False,1
Transversala varelser,Åtråvärld,16-12-2023,False,1
Trollmors vaggsång,Å,03-05-2014,False,0
Darkseid,Darkseid,29-04-2019,False,18
C4SH,C4SH,08-02-2019,False,17
Repent - VIP,X,15-03-2019,False,9
Sacrifices Must Be Made,The BDP Tape Vol.1,29-03-2019,False,8
Feel So High,Growing,18-01-2019,False,5
Didn't I,X,15-03-2019,False,5
Public Enemy,Growing,18-01-2019,False,4
Back In The Day,Push The Dub,08-03-2019,False,3
Rolling Fire - VIP,Revolution,03-01-2019,False,4
Bring it Down - Reworked,Reworked,25-03-2019,False,3
BELLAKEO,ÉXODO,20-06-2024,True,73
Downtown,Downtown,19-11-2017,False,77
Gata Only (Remix),Gata Only (Remix),07-06-2024,True,77
Alegría,GOTTI A,04-07-2024,False,67
Envolver,Versions of Me,12-04-2022,False,66
Mi Amor (with JVKE & Anitta),Mi Amor (with JVKE & Anitta),14-06-2024,False,71
Back for More (with Anitta),Back for More (with Anitta),15-09-2023,False,69
Joga Pra Lua,Funk Generation,26-04-2024,False,66
Savage Funk,Funk Generation,26-04-2024,True,67
Double Team,Funk Generation,26-04-2024,True,64
Work,Work,11-03-2019,True,6
Starwood Radio Promo,Hired Guns,2008,False,0
Hype,Movida Records - La Compilacion Parte 1,12-12-2012,False,0
El Final De Nuestra Historia,Íconos 25 Éxitos,01-01-2012,False,61
Ya Te Perdí La Fe,Ojos En Blanco,15-12-2014,False,73
Ya Es Muy Tarde,Más Adelante,01-01-2009,False,72
Mi Segunda Vida,Gracias Por Creer,01-01-2013,False,73
El Ruido De Tus Zapatos,Gracias Por Creer,01-01-2013,False,72
Si Tu Amor No Vuelve,La Otra Cara De La Moneda,01-01-2005,False,69
Entre Beso Y Beso,Calidad Y Cantidad,23-03-2018,False,69
De Ti Exclusivo,Para Ti Exclusivo (En Vivo Desde Arandas Jalisco),01-01-2007,False,55
Te Estaré Esperando,Más Adelante,01-01-2009,False,68
Ya No Te Buscaré,Todo Depende De Ti,01-01-2010,False,69
Countryside - Instrumental Version,Countryside (Instrumental Version),02-08-2024,False,15
"Dreams, Fairytales, Fantasies (feat. Brent Faiyaz & Salaam Remi)",Floor Seats,16-08-2019,True,77
HOT ONE (with TiaCorine & A$AP Ferg),King Of The Mischievous South Vol. 2,19-07-2024,True,69
Plain Jane,Still Striving,18-08-2017,True,70
Plain Jane REMIX (feat. Nicki Minaj),Plain Jane REMIX (feat. Nicki Minaj),15-12-2017,True,67
"Work REMIX (feat. A$AP Rocky, French Montana, Trinidad James & ScHoolboy Q)",Trap Lord,19-08-2013,True,64
SILVER TOOTH. (with A$AP Ferg),Road to CASABLANCO.,05-05-2023,True,61
New Level (feat. Future),ALWAYS STRIVE AND PROSPER,22-06-2016,True,54
"Runnin (with A$AP Rocky, A$AP Ferg & Nicki Minaj)",Creed II: The Album,16-11-2018,True,59
Shabba (feat. A$AP Rocky),Trap Lord,19-08-2013,True,59
WAM,Floor Seats,16-08-2019,True,57
Burnout,Burnout,27-06-2020,True,7
Candles and Wine,Candles and Wine,29-04-2019,True,0
Santa,Santa,03-04-2024,False,84
Rush,19 & Dangerous (Deluxe),21-10-2022,False,72
Last Heartbreak Song (feat. Giveon),The Year I Turned 21,30-05-2024,False,75
Commas,The Year I Turned 21,30-05-2024,False,73
Bad Vibes (feat. Seyi Vibez),The Year I Turned 21,30-05-2024,False,67
People (feat. Ayra Starr & Omah Lay),People (Remixes),31-03-2023,True,69
Ngozi,Trench to Triumph,21-07-2023,False,67
No love,NI,30-06-2023,True,65
Hypé (feat. Ayra Starr),Hypé (feat. Ayra Starr),07-03-2024,False,65
PINACOLADA,PINACOLADA,15-08-2024,False,65
Deep Down (feat. Never Dull),Deep Down (feat. Never Dull),17-06-2022,False,81
LET'S GET FKD UP,LET'S GET FKD UP (feat. Tribbs),17-11-2023,True,79
Jungle,Jungle,22-09-2023,False,75
Hear Me Now,Hear Me Now (feat. Zeeba),21-10-2016,False,74
Car Keys (Ayla),Car Keys (Ayla),30-06-2023,False,74
Lua,Boiadeira Internacional (Ao Vivo),23-02-2024,False,68
Summer's Back,Summer's Back,21-06-2024,False,73
Deep In Your Love,Deep In Your Love,12-01-2024,False,73
Piece Of Your Heart - Alok Remix,Piece Of Your Heart (Alok Remix),07-06-2019,False,71
Headlights (feat. KIDDO),Headlights (feat. KIDDO),18-02-2022,False,68
A Tazza ‘E Cafe,The Best of Jimmy Roselli,27-12-1993,False,6
Podiseti Poddulona Mahankali,Durgamma Songs,18-09-2020,False,33
Telu Vijaya Bathukamma,Bathukamma Hit Songs,17-09-2020,False,27
Amma Durgamma Thalli,Durga Devi Special Songs,18-09-2020,False,25
Durgamma,Durgamma Songs,18-09-2020,False,24
Vepa Chettuku Uyyala,Durgamma Songs,18-09-2020,False,24
Dayagala Thallivi Neevammo,Durgamma Songs,18-09-2020,False,22
Maa Inti Thalli,Durgamma Songs,18-09-2020,False,19
Dandalu Dandalu Thalli,Durgamma Songs,18-09-2020,False,18
Puli Neeku Vahanamai,Durgamma Songs,18-09-2020,False,18
Pattu Cheera Pattu Raika,Durgamma Songs,18-09-2020,False,5
Let Go,CHASE,28-02-2019,True,77
"I'm Good Luv, Enjoy.",CHASE,28-02-2019,True,77
Cream,CHASE,28-02-2019,True,67
Ride,Ride,30-11-2018,True,67
No Recognition,No Recognition,25-06-2022,True,65
Make It,CHASE,28-02-2019,True,64
In Love,CHASE,28-02-2019,True,62
Chains,Summer 19',09-10-2019,True,61
Dreams,CHASE,28-02-2019,True,60
HIDDEN VOICES,WOKEUPTHINKINBOUT / HIDDEN VOICES,07-01-2022,True,58
Við eigum hvorn annar að,Stóra barnaplatan 2,01-01-2000,False,0
Dil Se Jekra Ke Chahee,Maine Unko Sajan Chun Liya,08-05-2016,False,19
Kontrast,Ljóstillífun,03-02-2017,False,0
Sholay Title Music - Recreated,Sholay Title Music - Recreated,02-01-2019,False,5
Away,Away,12-07-2019,False,4
Amarte siempre - Bachata,BACHATA Mix Dubai 2012,15-02-2011,False,0
Severity,Suanda History Vol. 2,03-11-2014,False,0
Jai Gajmukhdhari Namo Namaha,Jai Gajmukhdhari Namo Namaha,30-08-2022,False,2
NEXT DOOR (prod by GUCHI),WARUGAKI G COLLECTION VOL.1,08-08-2013,True,1
Þekja,Ljóstillífun,03-02-2017,False,0
African Groove,African Groove,31-01-2019,True,14
Baby Don't Hurt Me,Baby Don't Hurt Me,06-04-2023,False,85
Rewrite The Stars (with James Arthur & Anne-Marie),Rewrite The Stars (with James Arthur & Anne-Marie),25-10-2018,False,78
2002,Speak Your Mind (Deluxe),27-04-2018,False,78
Cry Baby,Cry Baby,09-08-2024,False,76
FRIENDS,FRIENDS,09-02-2018,True,75
UNHEALTHY (feat. Shania Twain),UNHEALTHY (Deluxe),28-07-2023,False,63
Our Song,Therapy,23-07-2021,False,60
Ciao Adios,Speak Your Mind (Deluxe),27-04-2018,False,63
"fuck, i'm lonely",~how i'm feeling~,06-03-2020,True,64
PSYCHO,UNHEALTHY (Deluxe),28-07-2023,True,54
Tora Je Ja Bolish Bhai,Best Of Debabrata Biswas - Vol - 2,01-01-1977,False,0
Baro Asha Kore Esechhi Go,Best Of Debabrata Biswas - Vol - 2,01-01-1977,False,1
Purano Sei Diner Katha,Best Of Debabrata Biswas - Vol - 2,01-01-1977,False,1
Akash Bhara Surja Tara,Best Of Debabrata Biswas - Vol - 2,01-01-1977,False,0
Eso Go Jwele Diye Jao,Best Of Debabrata Biswas - Vol - 2,01-01-1977,False,1
Aaji Jato Tara Tabo Akashe,Best Of Debabrata Biswas - Vol - 2,01-01-1977,False,0
Ja Peyechhi Pratham Dine,Best Of Debabrata Biswas - Vol - 2,01-01-1977,False,0
Nako Sajni Ga,Usha Mangeshkar Marathi Film & Modern Songs Vol 2,01-01-1979,False,6
Sakarun Benu Bajaye Ke jay,Best Of Debabrata Biswas - Vol - 2,01-01-1977,False,0
Rimiki Jhimiki Jhare,Best Of Debabrata Biswas - Vol - 2,01-01-1977,False,0
Poison - Hazbin Hotel Original Soundtrack,Poison (Hazbin Hotel Original Soundtrack),05-01-2024,False,72
"Loser, Baby",Hazbin Hotel (Original Soundtrack),02-02-2024,True,72
Hell’s Greatest Dad,Hazbin Hotel (Original Soundtrack),02-02-2024,False,70
Stayed Gone,Hazbin Hotel (Original Soundtrack),02-02-2024,True,70
Hell Is Forever,Hazbin Hotel (Original Soundtrack),02-02-2024,True,69
Respectless,Hazbin Hotel (Original Soundtrack),02-02-2024,True,69
Out For Love,Hazbin Hotel (Original Soundtrack),02-02-2024,False,69
You Didn’t Know,Hazbin Hotel (Original Soundtrack),02-02-2024,True,68
More Than Anything,Hazbin Hotel (Original Soundtrack),02-02-2024,False,66
Finale,Hazbin Hotel (Original Soundtrack),02-02-2024,True,65
Geeked,Geeked,18-07-2024,True,0
Yu & I,Yu & I,05-07-2024,True,0
Ladki Sun Mazhi,Tukaram,08-06-2012,False,17
For Jer,For Jer,23-02-2010,False,13
PhotoCopy Theme,Photocopy,16-09-2016,False,4
Chaleya,Jawan,05-09-2023,False,74
"Chuttamalle (From ""Devara Part 1"")","Chuttamalle (From ""Devara Part 1"")",05-08-2024,False,76
Kadharalz,Indian 2 (Original Motion Picture Soundtrack),01-06-2024,False,71
"Fear Song (From ""Devara Part 1"") [Telugu]","Fear Song (From ""Devara Part 1"") [Telugu]",19-05-2024,False,71
Hukum - Thalaivar Alappara,Jailer (Original Motion Picture Soundtrack),28-07-2023,False,64
Naa Ready,Leo (Original Motion Picture Soundtrack),19-10-2023,False,59
"Yaanji - From ""Vikram Vedha""","Yaanji (From ""Vikram Vedha"")",12-06-2017,False,68
Badass,Leo (Original Motion Picture Soundtrack),19-10-2023,False,57
"Kannamma - From ""Ispade Rajavum Idhaya Raniyum""","Kannamma (From ""Ispade Rajavum Idhaya Raniyum"")",11-01-2019,False,67
"Hayyoda (From ""Jawan"")","Hayyoda (From ""Jawan"")",14-08-2023,False,67
"Requiem in D Minor, K. 626: Sequence: VI. Lacrimosa dies illa","Mozart: Requiem / Exultate, Jubilate / Laudate Dominum",31-12-1995,False,58
"Piano Sonata No. 16 in C Major, K. 545 ""Sonata facile"": I. Allegro","Mozart: Piano Sonata No. 16 in C Major, K. 545 ""Sonata facile""",22-05-2020,False,54
"Piano Concerto No. 21 in C Major, K. 467: II. Andante","Mozart: Piano Concertos, Vol. 6",01-10-1995,False,61
"Serenade in B-Flat Major, K. 361 ""Gran Partita"": III. Adagio","Mozart, W.A.: The Wind Concertos / Serenades / Divertimenti",01-01-2001,False,58
"Mozart: Fantasia in D Minor, K. 397",Mozart,15-02-2020,False,51
"Symphony No. 25 in G Minor, K. 183: I. Allegro con brio",Amadeus,01-01-2000,False,57
"Requiem, K. 626: Lacrimosa",Mozart: Requiem Realisations,08-04-2013,False,57
"Ave verum corpus, K.618 (Arr. for Piano by Franz Liszt)",MozartReworked,05-05-2023,False,57
"Mozart: Clarinet Concerto in A Major, K. 622: II. Adagio","Mozart: Flute Concerto No. 1, K. 313 - Flute and Harp Concerto, K. 299 & Clarinet Concerto, K. 622",01-04-2001,False,49
"Adagio in E Major, K. 261",Mozart: Works for Violin & Orchestra,1982,False,56
Max Explain,Lucky Stairs,19-11-2023,False,0
Sickness From Fitting In,Lucky Stairs,19-11-2023,False,0
Born Lacking,Lucky Stairs,19-11-2023,False,0
Gifts and Curses,Lucky Stairs,19-11-2023,False,0
Punished or Banished,Lucky Stairs,19-11-2023,False,0
Bad Feeling Now Good Feeling Later,Lucky Stairs,19-11-2023,False,0
Commentary Community,Lucky Stairs,19-11-2023,False,0
Severence package all in 1,Greetings to Planet Earth,22-03-2024,False,0
Friendly Fired,Lucky Stairs,19-11-2023,False,0
Low IQ W,Lucky Stairs,19-11-2023,False,0
Give Me Everything (feat. Nayer),Planet Pit (Deluxe Version),17-06-2011,False,86
Time of Our Lives,Globalization,21-11-2014,True,84
So Sick,In My Own Words,01-01-2006,False,78
Miss Independent,Year Of The Gentleman (Bonus Track Edition),01-01-2008,False,77
Because Of You,Because Of You,01-01-2007,False,75
Closer,Year Of The Gentleman (Bonus Track Edition),01-01-2008,False,66
She Knows,Non-Fiction (Deluxe),20-01-2015,True,67
Sexy Love,In My Own Words,01-01-2006,False,71
Mad,Year Of The Gentleman (Bonus Track Edition),01-01-2008,False,70
Let Me Love You (Until You Learn To Love Yourself),R.E.D. (Deluxe Edition),01-01-2012,False,68
Too Fast,H3LLB3NT,02-09-2023,True,0
Under Control (feat. Hurts),Motion,31-10-2014,False,78
I Like It (with Nate Smith),I Like It (with Nate Smith),12-07-2024,False,78
Words (feat. Zara Larsson),Words (feat. Zara Larsson),22-04-2022,False,77
Heroes (we could be),Forever,22-05-2015,False,71
"Let Me Go (with Alesso, Florida Georgia Line & watt)","Let Me Go (with Alesso, Florida Georgia Line & watt)",08-09-2017,False,72
If I Lose Myself - Alesso vs OneRepublic,Native,01-01-2014,False,60
When I’m Gone (with Katy Perry),When I’m Gone (with Katy Perry),29-12-2021,False,68
Calling (Lose My Mind) - Radio Edit,EDM Hits,03-04-2020,False,56
Going Dumb (with Stray Kids),Going Dumb,19-03-2021,False,61
REMEDY,REMEDY,31-08-2018,False,61
Will You Still Love Me Tomorrow - Bachata,V olume 2,05-10-2021,False,9
California Dreamin',Volume One,01-10-2021,False,0
Sunshine of Your Love - New Arrangement,V olume 2,05-10-2021,False,0
"Quizás, Quizás",Volume One,01-10-2021,False,0
Till There was You,Volume One,01-10-2021,False,0
The Girl from Ocean Drive,Volume One,01-10-2021,False,0
Dos y Dos Son Cuatro,V olume 2,05-10-2021,False,0
Everybody Feeling,Volume One,01-10-2021,False,0
Can't Take my Eyes Off of You,Volume One,01-10-2021,False,0
Get Lucky - New Arrangement,V olume 2,05-10-2021,False,0
Santa,Santa,03-04-2024,False,84
Desesperados,VICE VERSA,10-12-2021,True,83
Cúrame,VICE VERSA,10-12-2021,True,83
Todo De Ti,VICE VERSA,10-12-2021,True,81
LOKERA,SATURNO,24-01-2023,True,80
DILUVIO,PLAYA SATURNO,07-07-2023,True,81
Tiroteo - Remix,Tiroteo (Remix),01-04-2021,False,80
El Efecto,El Efecto,15-03-2019,False,79
Déjame Entrar,Déjame Entrar,18-07-2024,True,79
Dile a El,Afrodisíaco,13-11-2020,True,79
FL8XG8D,im8yrsold,08-01-2024,False,0
24,im8yrsold,08-01-2024,False,0
KC3K (fern_shy),im8yrsold,08-01-2024,False,0
Forget Ab It,Forget Ab It,08-02-2024,False,0
21,21,01-04-2023,False,0
IC8*NTf33LMY80DY,im8yrsold,08-01-2024,False,0
Give Me Everything (feat. Nayer),Planet Pit (Deluxe Version),17-06-2011,False,86
"Hey Mama (feat. Nicki Minaj, Bebe Rexha & Afrojack) - Afrojack Remix","Hey Mama (feat. Nicki Minaj, Bebe Rexha & Afrojack)",12-05-2015,False,29
Raving,Raving,02-08-2024,True,69
FVCK,PERO NO TE ENAMORES,25-07-2024,True,66
Light It Up (feat. MC Ambush),Light It Up (feat. MC Ambush),16-08-2024,False,64
2 The Moon,2 The Moon,07-06-2024,False,63
Maldito Alcohol (Pitbull vs. Afrojack),I Am Armando - Armando Reloaded,2010,False,49
Ten Feet Tall,Forget The World (Deluxe),01-01-2014,False,59
Take Over Control (Dutch Edit) [feat. Eva Simons],Take over Control (feat. Eva Simons),04-01-2011,False,45
Sad (feat. Afrojack),Sad (feat. Afrojack),30-08-2019,False,56
2008,2008,17-07-2020,False,0
Foolish,Ashanti,01-01-2002,True,73
Rock Wit U (Awww Baby),Chapter II,01-01-2003,False,69
Body On Me,The Declaration,01-01-2008,False,65
Unfoolish,Ashanti,01-01-2002,True,65
Baby (feat. Ashanti),Close To Home,19-08-2022,True,58
Happy,Ashanti,01-01-2002,True,60
Baby,Ashanti,01-01-2002,True,55
Only U - No Intro,Concrete Rose,01-01-2004,False,53
Rain On Me,Chapter II,01-01-2003,False,52
Wockesha (with Lil Wayne & Ashanti) - Remix,A Gangsta’s Pain: Reloaded,22-10-2021,True,50
Med c,Med c,15-12-2017,False,0
KALO KA MAHAKAL,KALO KA MAHAKAL,06-06-2024,False,0
Med b,Med b,13-07-2017,False,0
Up,Up,01-03-2024,False,0
Med b - Remymix,Med b (Remymix),11-10-2017,False,0
Haegeum,D-DAY,21-04-2023,False,85
Daechwita,D-2,22-05-2020,True,79
Interlude : Dawn,D-DAY,21-04-2023,False,74
People Pt.2 (feat. IU),D-DAY,21-04-2023,False,68
28 (feat. NiiHWA),D-2,22-05-2020,True,70
AMYGDALA,D-DAY,21-04-2023,False,69
D-Day,D-DAY,21-04-2023,True,69
"Snooze (feat. Ryuichi Sakamoto, WOOSUNG of The Rose)",D-DAY,21-04-2023,True,69
Life Goes On,D-DAY,21-04-2023,False,68
People,D-2,22-05-2020,False,67
OJALÁ,OJALÁ,21-05-2022,False,0
Traveller,Traveller,28-05-2021,False,0
verte / Rodriguezzz,verte / Rodriguezzz,25-12-2022,True,0
Due Time,The Broken Artist,31-03-2018,False,0
Ta Life,The Broken Artist,31-03-2018,False,0
Collective Thought,The Broken Artist,31-03-2018,False,0
Been Thinkin,The Broken Artist,31-03-2018,False,0
Perspective,The Broken Artist,31-03-2018,False,0
25,The Broken Artist,31-03-2018,False,0
B.T.D.T.,The Broken Artist,31-03-2018,False,0
If Only,The Broken Artist,31-03-2018,False,0
I'm in a Hurry (And Don't Know Why),Livin' Lovin' Rockin' Rollin': The 25th Anniversary Collection,1980,False,71
Song of the South,Livin' Lovin' Rockin' Rollin': The 25th Anniversary Collection,1980,False,72
Mountain Music,The Essential Alabama 3.0,1980,False,61
Dixieland Delight,The Closer You Get...,1983,False,64
If You're Gonna Play in Texas (You Gotta Have a Fiddle in the Band),Alabama Live,1980,False,57
High Cotton,Livin' Lovin' Rockin' Rollin': The 25th Anniversary Collection,1980,False,56
Born Country,Livin' Lovin' Rockin' Rollin': The 25th Anniversary Collection,1980,False,54
Dixieland Delight - Single Edit,The Essential Alabama 3.0,1980,False,56
Roll On (Eighteen Wheeler),Livin' Lovin' Rockin' Rollin': The 25th Anniversary Collection,1980,False,51
Okie From Muskogee - Live,Okie From Muskogee (Live),12-11-2020,False,53
Dreams,Lodestar,08-02-2019,True,0
Mamacita,Lodestar,08-02-2019,True,0
Flip,Lodestar,08-02-2019,True,0
Push,Lodestar,08-02-2019,True,0
Time,Time,25-03-2019,True,0
Revenge,Lodestar,08-02-2019,True,0
Scars To Your Beautiful,Know-It-All,13-11-2015,False,76
Stay,Stay,23-02-2017,False,74
Here,Know-It-All,13-11-2015,False,69
How Far I'll Go - Alessia Cara Version,Moana - Original Motion Picture Soundtrack/Deluxe Edition,18-11-2016,False,63
Out Of Love,The Pains Of Growing,30-11-2018,False,65
Wild Things,Know-It-All,13-11-2015,False,61
Dead Man,Dead Man,19-07-2024,False,61
I'm Like A Bird - Recorded at Spotify Studios NYC,Spotify Singles,24-04-2019,False,58
"I Choose - From The Netflix Original Film ""The Willoughbys""",I Choose (From The Netflix Original Film The Willoughbys),03-04-2020,False,56
River Of Tears,Know-It-All (Deluxe),11-03-2016,False,55
Velours,"Rare Electro-Industrial Songs, Vol. 2",2020,False,0
A Horse with No Name,America,1972,False,77
Sister Golden Hair,Hearts,1975,False,73
Ventura Highway,Homecoming,01-01-1972,False,72
Lonely People,Holiday,1974,False,68
You Can Do Magic,View From The Ground,01-01-1982,False,64
Tin Man,Holiday,1974,False,62
All My Life,Silent Letter,01-01-1979,False,60
Riverside,America,1972,False,58
I Need You,America,1972,False,56
Don't Cross the River,Homecoming,01-01-1972,False,54
My Universe,My Universe,26-04-2024,False,0
Don't Give Up On Me,Naïve,26-07-2019,False,77
"Honey, I'm Good",Magazines Or Novels,05-08-2014,False,72
Fresh Eyes,The Good Parts,01-12-2017,False,69
Keep Your Head Up,Andy Grammer,14-06-2011,False,66
Fine By Me,Andy Grammer,14-06-2011,False,64
These Tears,These Tears,13-01-2023,False,59
Lease On Life,Lease On Life,28-06-2021,False,58
I Do (feat. Maddie & Tae),I Do (feat. Maddie & Tae),02-08-2024,False,57
Best of You (feat. Elle King),Best of You (feat. Elle King),07-02-2020,False,56
Saved My Life (with R3HAB),Saved My Life (with R3HAB),06-05-2022,False,55
MY MIND,MY MIND,07-06-2022,False,4
Dirty Little Secret,Move Along,01-01-2005,False,71
Gives You Hell,When The World Comes Down,01-01-2008,False,71
Move Along,Move Along,01-01-2005,False,69
"Swing, Swing",The All-American Rejects,15-10-2002,False,66
It Ends Tonight,Move Along,01-01-2005,False,59
I Wanna,When The World Comes Down,01-01-2008,False,51
My Paper Heart,The All-American Rejects,15-10-2002,False,50
Stab My Back,Move Along,01-01-2005,False,41
The Last Song,The All-American Rejects,15-10-2002,False,46
Top Of The World,Move Along,01-01-2005,False,40
Look New,Look New,07-05-2021,False,0
On & On,Feel Again,30-03-2023,False,71
This Is What It Feels Like,Intense,03-05-2013,False,72
Blah Blah Blah,Balance,25-10-2019,False,66
In The Dark,In The Dark,12-07-2024,False,68
In And Out Of Love,In And Out Of Love,28-06-2024,False,64
No Fun,Feel Again,30-03-2023,False,65
Larger Than Life,Larger Than Life,31-05-2024,False,66
In And Out Of Love,In And Out of Love,04-08-2008,False,61
Easy To Love,Feel Again,30-03-2023,False,64
Great Spirit,Great Spirit,12-12-2016,False,63
Never Ask Games,Slow Porn presente Prise de Vue #1,03-02-2017,False,0
GATITAS SANDUNGUERAS VOL.1,SAYONARA,17-05-2024,False,80
Problemón,Felicilandia,29-10-2021,False,73
BYAK,SAYONARA,17-05-2024,False,66
Llori Pari,Felicilandia,29-10-2021,False,70
QUIZÁS SI QUIZÁS NO,SAYONARA,17-05-2024,False,67
SIN PODERES,SAYONARA,17-05-2024,False,67
MAMI 100PRE SABE (INTERLUDE),SAYONARA,17-05-2024,False,67
A MI NOMBRE,SAYONARA,17-05-2024,False,67
PARANORMAL,DATA,29-06-2023,False,68
1000CANCIONES,SAYONARA,17-05-2024,False,65
Blue Trees,Blue Trees,28-03-2021,False,0
It Could Be,It Could Be,14-08-2024,False,0
唱,"Ado ""Ready For My Show Playlist""",06-02-2024,False,72
Usseewa,Kyougen,26-01-2022,False,67
New Genesis,UTA'S SONGS ONE PIECE FILM RED,10-08-2022,False,65
RuLe,Zanmu,09-07-2024,False,62
Backlight,UTA'S SONGS ONE PIECE FILM RED,10-08-2022,False,64
Odo,Kyougen,26-01-2022,False,62
MIRROR,Zanmu,09-07-2024,False,57
Aishite Aishite Aishite,Ado's Utattemita Album,13-12-2023,False,67
I’m invincible,UTA'S SONGS ONE PIECE FILM RED,10-08-2022,False,58
クラクラ,"Ado ""Ready For My Show Playlist""",06-02-2024,False,61
Are You That Somebody,I Care 4 U,10-12-2002,False,69
Try Again,Aaliyah,07-07-2001,False,67
One In A Million,One In A Million,27-08-1996,False,68
Rock The Boat,Aaliyah,07-07-2001,False,67
I Don't Wanna,Ultimate Aaliyah,10-05-2005,False,63
At Your Best (You Are Love),Age Ain't Nothing But A Number,22-05-1994,False,62
Age Ain't Nothing But a Number,Age Ain't Nothing But A Number,22-05-1994,False,61
Miss You,I Care 4 U,10-12-2002,False,61
Back & Forth,Age Ain't Nothing But A Number,22-05-1994,False,59
More Than A Woman,Aaliyah,07-07-2001,False,60
The Time Passes Fast - Original Mix,The Time Passes Fast,02-07-2018,False,1
漂い,漂い,09-04-2023,False,0
A Cat Attic Attack,Keith Emerson at the Movies,01-01-2005,False,0
Tablado,Tablado,19-05-2020,True,0
BREAK ALL DAY! - UKULELE,「ナースのお仕事 3」 (＋BEST オリジナル・サウンドトラック),28-06-2000,False,0
瘢痕 (Scar),And The Dawn Comes Sneaking Up When It Thinks I'm Not Looking,28-05-2022,False,0
Anchor,Bathing Beach,26-05-2017,False,77
State Lines,Birthplace,19-10-2018,False,73
Ontario,Heiress,10-11-2017,False,67
Repeat Until Death,Birthplace,19-10-2018,False,66
Carry You,Bathing Beach,26-05-2017,False,66
Haven (from Life Is Strange),Haven (from Life Is Strange),18-03-2021,False,65
Euphor,Heiress,10-11-2017,False,65
From Gold,"Woodgate, NY",31-03-2014,False,64
Keep Me,"Cannot Be, Whatsoever",06-11-2020,False,63
Alps,Alps,15-04-2016,False,63
ВСПОМНИ,NEWLEVEL,11-07-2024,False,0
"I Love You, I'm Sorry",The Secret of Us,21-06-2024,True,87
Close To You,The Secret of Us,21-06-2024,False,85
"I miss you, I’m sorry",minor,14-07-2020,False,82
us. (feat. Taylor Swift),The Secret of Us,21-06-2024,True,82
Risk,The Secret of Us,21-06-2024,False,80
Blowing Smoke,The Secret of Us,21-06-2024,False,76
Tough Love,The Secret of Us,21-06-2024,True,75
Mess It Up,Mess It Up,07-05-2021,False,74
Free Now,The Secret of Us,21-06-2024,False,73
I know it won't work,Good Riddance (Deluxe),16-06-2023,False,73
3.17,Mirror 1,01-11-2021,False,0
3.18,Mirror 1,01-11-2021,False,0
Hey Ya!,Speakerboxxx/The Love Below,2003,False,84
Ms. Jackson,Stankonia,31-10-2000,True,83
"So Fresh, So Clean",Stankonia,31-10-2000,True,73
The Way You Move (feat. Sleepy Brown),Speakerboxxx/The Love Below,2003,True,71
ATLiens,ATLiens,27-08-1996,True,70
Roses,Speakerboxxx/The Love Below,2003,True,69
Rosa Parks,Aquemini,29-09-1998,True,64
B.O.B. - Bombs Over Baghdad,Stankonia,31-10-2000,True,60
Da Art of Storytellin' (Pt. 1),Aquemini,29-09-1998,True,59
Player's Ball,Southernplayalisticadillacmuzik,26-04-1994,True,58
